oma_id,fasta_file
DICDI09531,./families/Information_benchmark/marker_genes/marker_genes/OMAGroup_1067337.fa
ACACA02925,./families/Information_benchmark/marker_genes/marker_genes/OMAGroup_1026744.fa
ACACA02828,./families/Information_benchmark/marker_genes/marker_genes/OMAGroup_1413608.fa
ACACA05094,./families/Information_benchmark/marker_genes/marker_genes/OMAGroup_850276.fa
ACACA11129,./families/Information_benchmark/marker_genes/marker_genes/OMAGroup_1067522.fa
ACACA06377,./families/Information_benchmark/marker_genes/marker_genes/OMAGroup_1067384.fa
ACACA08141,./families/Information_benchmark/marker_genes/marker_genes/OMAGroup_948919.fa
DICDI11605,./families/Information_benchmark/marker_genes/marker_genes/OMAGroup_1401634.fa
ACACA03247,./families/Information_benchmark/marker_genes/marker_genes/OMAGroup_1422784.fa
ACACA08769,./families/Information_benchmark/marker_genes/marker_genes/OMAGroup_1391837.fa
ACACA14702,./families/Information_benchmark/marker_genes/marker_genes/OMAGroup_1336183.fa
DICDI05459,./families/Information_benchmark/marker_genes/marker_genes/OMAGroup_1424222.fa
ACACA00261,./families/Information_benchmark/marker_genes/marker_genes/OMAGroup_1368954.fa
DICDI04479,./families/Information_benchmark/marker_genes/marker_genes/OMAGroup_1408429.fa
ACACA00304,./families/Information_benchmark/marker_genes/marker_genes/OMAGroup_1067341.fa
ACACA03349,./families/Information_benchmark/marker_genes/marker_genes/OMAGroup_756293.fa
ACACA05052,./families/Information_benchmark/marker_genes/marker_genes/OMAGroup_1351004.fa
ACACA08637,./families/Information_benchmark/marker_genes/marker_genes/OMAGroup_1427964.fa
ACACA03786,./families/Information_benchmark/marker_genes/marker_genes/OMAGroup_1372179.fa
DICDI06101,./families/Information_benchmark/marker_genes/marker_genes/OMAGroup_1057967.fa
ACACA11736,./families/Information_benchmark/marker_genes/marker_genes/OMAGroup_1013205.fa
ACACA11008,./families/Information_benchmark/marker_genes/marker_genes/OMAGroup_1384538.fa
ACACA07564,./families/Information_benchmark/marker_genes/marker_genes/OMAGroup_1067353.fa
ACACA08219,./families/Information_benchmark/marker_genes/marker_genes/OMAGroup_1377727.fa
ACACA00584,./families/Information_benchmark/marker_genes/marker_genes/OMAGroup_1349660.fa
DICDI10060,./families/Information_benchmark/marker_genes/marker_genes/OMAGroup_1366596.fa
ACACA01123,./families/Information_benchmark/marker_genes/marker_genes/OMAGroup_909352.fa
DICDI10385,./families/Information_benchmark/marker_genes/marker_genes/OMAGroup_994379.fa
ACACA08890,./families/Information_benchmark/marker_genes/marker_genes/OMAGroup_1324983.fa
ACACA11252,./families/Information_benchmark/marker_genes/marker_genes/OMAGroup_857858.fa
ACACA11002,./families/Information_benchmark/marker_genes/marker_genes/OMAGroup_1426549.fa
ACACA02876,./families/Information_benchmark/marker_genes/marker_genes/OMAGroup_1067221.fa
ACACA05058,./families/Information_benchmark/marker_genes/marker_genes/OMAGroup_1379871.fa
ACACA02288,./families/Information_benchmark/marker_genes/marker_genes/OMAGroup_1058810.fa
ACACA03582,./families/Information_benchmark/marker_genes/marker_genes/OMAGroup_1327813.fa
TRYB200302,./families/Information_benchmark/marker_genes/marker_genes/OMAGroup_1384023.fa
ACACA06235,./families/Information_benchmark/marker_genes/marker_genes/OMAGroup_1428260.fa
ACACA08394,./families/Information_benchmark/marker_genes/marker_genes/OMAGroup_1067390.fa
DICDI01260,./families/Information_benchmark/marker_genes/marker_genes/OMAGroup_1375210.fa
ACACA07209,./families/Information_benchmark/marker_genes/marker_genes/OMAGroup_1067408.fa
ACACA09861,./families/Information_benchmark/marker_genes/marker_genes/OMAGroup_1067539.fa
ACACA11818,./families/Information_benchmark/marker_genes/marker_genes/OMAGroup_1067482.fa
DICDI07716,./families/Information_benchmark/marker_genes/marker_genes/OMAGroup_882256.fa
ACACA02845,./families/Information_benchmark/marker_genes/marker_genes/OMAGroup_1067338.fa
ACACA00615,./families/Information_benchmark/marker_genes/marker_genes/OMAGroup_1067369.fa
ACACA08567,./families/Information_benchmark/marker_genes/marker_genes/OMAGroup_948917.fa
DICDI00971,./families/Information_benchmark/marker_genes/marker_genes/OMAGroup_948913.fa
ACACA07863,./families/Information_benchmark/marker_genes/marker_genes/OMAGroup_1345489.fa
DICDI12081,./families/Information_benchmark/marker_genes/marker_genes/OMAGroup_1417181.fa
ACACA09940,./families/Information_benchmark/marker_genes/marker_genes/OMAGroup_1407943.fa
ACACA07506,./families/Information_benchmark/marker_genes/marker_genes/OMAGroup_1400294.fa
ACACA11444,./families/Information_benchmark/marker_genes/marker_genes/OMAGroup_1378162.fa
ACACA12187,./families/Information_benchmark/marker_genes/marker_genes/OMAGroup_1067706.fa
ACACA01762,./families/Information_benchmark/marker_genes/marker_genes/OMAGroup_1321019.fa
ACACA09133,./families/Information_benchmark/marker_genes/marker_genes/OMAGroup_1387570.fa
DICDI02243,./families/Information_benchmark/marker_genes/marker_genes/OMAGroup_1377835.fa
ACACA13871,./families/Information_benchmark/marker_genes/marker_genes/OMAGroup_1386130.fa
ACACA09077,./families/Information_benchmark/marker_genes/marker_genes/OMAGroup_1339620.fa
DICDI08340,./families/Information_benchmark/marker_genes/marker_genes/OMAGroup_1399400.fa
DICDI08721,./families/Information_benchmark/marker_genes/marker_genes/OMAGroup_1402289.fa
ACACA00683,./families/Information_benchmark/marker_genes/marker_genes/OMAGroup_1054529.fa
ACACA06347,./families/Information_benchmark/marker_genes/marker_genes/OMAGroup_1427648.fa
ACACA10328,./families/Information_benchmark/marker_genes/marker_genes/OMAGroup_1427081.fa
ACACA00695,./families/Information_benchmark/marker_genes/marker_genes/OMAGroup_1067452.fa
ACACA03957,./families/Information_benchmark/marker_genes/marker_genes/OMAGroup_1067313.fa
ACACA08297,./families/Information_benchmark/marker_genes/marker_genes/OMAGroup_1384924.fa
ACACA13931,./families/Information_benchmark/marker_genes/marker_genes/OMAGroup_856064.fa
ACACA04198,./families/Information_benchmark/marker_genes/marker_genes/OMAGroup_1354853.fa
NAEGR11237,./families/Information_benchmark/marker_genes/marker_genes/OMAGroup_1301227.fa
ACACA09163,./families/Information_benchmark/marker_genes/marker_genes/OMAGroup_948918.fa
ACACA02130,./families/Information_benchmark/marker_genes/marker_genes/OMAGroup_1344626.fa
ACACA06464,./families/Information_benchmark/marker_genes/marker_genes/OMAGroup_1338491.fa
ACACA00035,./families/Information_benchmark/marker_genes/marker_genes/OMAGroup_1428321.fa
ACACA06509,./families/Information_benchmark/marker_genes/marker_genes/OMAGroup_1396892.fa
ACACA01385,./families/Information_benchmark/marker_genes/marker_genes/OMAGroup_1356934.fa
ACACA14600,./families/Information_benchmark/marker_genes/marker_genes/OMAGroup_1392010.fa
DICDI04093,./families/Information_benchmark/marker_genes/marker_genes/OMAGroup_1406896.fa
ACACA02988,./families/Information_benchmark/marker_genes/marker_genes/OMAGroup_1342934.fa
ACACA14076,./families/Information_benchmark/marker_genes/marker_genes/OMAGroup_923719.fa
ACACA08330,./families/Information_benchmark/marker_genes/marker_genes/OMAGroup_1426551.fa
ACACA05316,./families/Information_benchmark/marker_genes/marker_genes/OMAGroup_1319486.fa
DICDI05236,./families/Information_benchmark/marker_genes/marker_genes/OMAGroup_1415559.fa
ACACA02198,./families/Information_benchmark/marker_genes/marker_genes/OMAGroup_880796.fa
DICDI02139,./families/Information_benchmark/marker_genes/marker_genes/OMAGroup_798622.fa
ACACA04981,./families/Information_benchmark/marker_genes/marker_genes/OMAGroup_756874.fa
ACACA01857,./families/Information_benchmark/marker_genes/marker_genes/OMAGroup_874627.fa
ACACA07505,./families/Information_benchmark/marker_genes/marker_genes/OMAGroup_1333255.fa
ACACA03688,./families/Information_benchmark/marker_genes/marker_genes/OMAGroup_1408192.fa
ACACA02937,./families/Information_benchmark/marker_genes/marker_genes/OMAGroup_1067298.fa
ACACA01054,./families/Information_benchmark/marker_genes/marker_genes/OMAGroup_1398068.fa
DICDI08508,./families/Information_benchmark/marker_genes/marker_genes/OMAGroup_1421786.fa
ACACA05041,./families/Information_benchmark/marker_genes/marker_genes/OMAGroup_1067389.fa
RETFI39476,./families/Information_benchmark/marker_genes/marker_genes/OMAGroup_1359079.fa
ACACA04817,./families/Information_benchmark/marker_genes/marker_genes/OMAGroup_1314602.fa
DICDI05913,./families/Information_benchmark/marker_genes/marker_genes/OMAGroup_1067310.fa
DICDI01584,./families/Information_benchmark/marker_genes/marker_genes/OMAGroup_891434.fa
ACACA13241,./families/Information_benchmark/marker_genes/marker_genes/OMAGroup_1418243.fa
DICDI03639,./families/Information_benchmark/marker_genes/marker_genes/OMAGroup_1332735.fa
ACACA08179,./families/Information_benchmark/marker_genes/marker_genes/OMAGroup_1067332.fa
ACACA01178,./families/Information_benchmark/marker_genes/marker_genes/OMAGroup_1360172.fa
ACACA01555,./families/Information_benchmark/marker_genes/marker_genes/OMAGroup_1428522.fa
DICDI05228,./families/Information_benchmark/marker_genes/marker_genes/OMAGroup_1388923.fa
ACACA14164,./families/Information_benchmark/marker_genes/marker_genes/OMAGroup_1067388.fa
ACACA06482,./families/Information_benchmark/marker_genes/marker_genes/OMAGroup_1382125.fa
ACACA00564,./families/Information_benchmark/marker_genes/marker_genes/OMAGroup_1379069.fa
ACACA11703,./families/Information_benchmark/marker_genes/marker_genes/OMAGroup_1411070.fa
ACACA05083,./families/Information_benchmark/marker_genes/marker_genes/OMAGroup_1059708.fa
ACACA05508,./families/Information_benchmark/marker_genes/marker_genes/OMAGroup_910085.fa
DICDI00817,./families/Information_benchmark/marker_genes/marker_genes/OMAGroup_756269.fa
ACACA02219,./families/Information_benchmark/marker_genes/marker_genes/OMAGroup_1428026.fa
ACACA00471,./families/Information_benchmark/marker_genes/marker_genes/OMAGroup_1345127.fa
ACACA06075,./families/Information_benchmark/marker_genes/marker_genes/OMAGroup_1067335.fa
ACACA08788,./families/Information_benchmark/marker_genes/marker_genes/OMAGroup_948911.fa
DICDI09637,./families/Information_benchmark/marker_genes/marker_genes/OMAGroup_1364490.fa
ACACA07920,./families/Information_benchmark/marker_genes/marker_genes/OMAGroup_1410217.fa
DICDI03660,./families/Information_benchmark/marker_genes/marker_genes/OMAGroup_1406899.fa
ACACA07420,./families/Information_benchmark/marker_genes/marker_genes/OMAGroup_1372175.fa
ACACA08097,./families/Information_benchmark/marker_genes/marker_genes/OMAGroup_1382757.fa
ACACA11995,./families/Information_benchmark/marker_genes/marker_genes/OMAGroup_1067401.fa
DICDI11754,./families/Information_benchmark/marker_genes/marker_genes/OMAGroup_1347738.fa
ACACA00247,./families/Information_benchmark/marker_genes/marker_genes/OMAGroup_1067314.fa
ACACA00625,./families/Information_benchmark/marker_genes/marker_genes/OMAGroup_1422783.fa
ACACA11406,./families/Information_benchmark/marker_genes/marker_genes/OMAGroup_770664.fa
ACACA10586,./families/Information_benchmark/marker_genes/marker_genes/OMAGroup_1380115.fa
ACACA07267,./families/Information_benchmark/marker_genes/marker_genes/OMAGroup_1366871.fa
ACACA06226,./families/Information_benchmark/marker_genes/marker_genes/OMAGroup_1382205.fa
ACACA08254,./families/Information_benchmark/marker_genes/marker_genes/OMAGroup_809604.fa
DICDI00280,./families/Information_benchmark/marker_genes/marker_genes/OMAGroup_1323026.fa
ACACA02386,./families/Information_benchmark/marker_genes/marker_genes/OMAGroup_1067424.fa
ACACA01192,./families/Information_benchmark/marker_genes/marker_genes/OMAGroup_1422622.fa
DICDI12064,./families/Information_benchmark/marker_genes/marker_genes/OMAGroup_1301226.fa
ACACA05014,./families/Information_benchmark/marker_genes/marker_genes/OMAGroup_1321021.fa
ACACA08664,./families/Information_benchmark/marker_genes/marker_genes/OMAGroup_1366126.fa
ACACA14701,./families/Information_benchmark/marker_genes/marker_genes/OMAGroup_1416913.fa
DICDI10966,./families/Information_benchmark/marker_genes/marker_genes/OMAGroup_1410681.fa
ACACA11209,./families/Information_benchmark/marker_genes/marker_genes/OMAGroup_1067442.fa
ACACA03562,./families/Information_benchmark/marker_genes/marker_genes/OMAGroup_1399401.fa
ACACA08091,./families/Information_benchmark/marker_genes/marker_genes/OMAGroup_1391649.fa
ACACA12908,./families/Information_benchmark/marker_genes/marker_genes/OMAGroup_1361927.fa
ACACA13447,./families/Information_benchmark/marker_genes/marker_genes/OMAGroup_1418302.fa
ACACA08221,./families/Information_benchmark/marker_genes/marker_genes/OMAGroup_1058812.fa
ACACA11228,./families/Information_benchmark/marker_genes/marker_genes/OMAGroup_885415.fa
ACACA01458,./families/Information_benchmark/marker_genes/marker_genes/OMAGroup_1032103.fa
DICDI05419,./families/Information_benchmark/marker_genes/marker_genes/OMAGroup_770531.fa
ACACA07443,./families/Information_benchmark/marker_genes/marker_genes/OMAGroup_1067574.fa
ACACA06032,./families/Information_benchmark/marker_genes/marker_genes/OMAGroup_969600.fa
ACACA00275,./families/Information_benchmark/marker_genes/marker_genes/OMAGroup_975840.fa
ACACA10970,./families/Information_benchmark/marker_genes/marker_genes/OMAGroup_977311.fa
ACACA01779,./families/Information_benchmark/marker_genes/marker_genes/OMAGroup_1408781.fa
ACACA13716,./families/Information_benchmark/marker_genes/marker_genes/OMAGroup_1380942.fa
ACACA11168,./families/Information_benchmark/marker_genes/marker_genes/OMAGroup_1301230.fa
ACACA01586,./families/Information_benchmark/marker_genes/marker_genes/OMAGroup_944511.fa
ACACA06495,./families/Information_benchmark/marker_genes/marker_genes/OMAGroup_958654.fa
ACACA07108,./families/Information_benchmark/marker_genes/marker_genes/OMAGroup_1396383.fa
DICDI11789,./families/Information_benchmark/marker_genes/marker_genes/OMAGroup_1067296.fa
ACACA09114,./families/Information_benchmark/marker_genes/marker_genes/OMAGroup_1402039.fa
DICDI06338,./families/Information_benchmark/marker_genes/marker_genes/OMAGroup_818380.fa
NAEGR15462,./families/Information_benchmark/marker_genes/marker_genes/OMAGroup_1403098.fa
ACACA02461,./families/Information_benchmark/marker_genes/marker_genes/OMAGroup_1333257.fa
ACACA14172,./families/Information_benchmark/marker_genes/marker_genes/OMAGroup_1392013.fa
ACACA01106,./families/Information_benchmark/marker_genes/marker_genes/OMAGroup_1409674.fa
ACACA10276,./families/Information_benchmark/marker_genes/marker_genes/OMAGroup_1041721.fa
DICDI09712,./families/Information_benchmark/marker_genes/marker_genes/OMAGroup_1067305.fa
ACACA04806,./families/Information_benchmark/marker_genes/marker_genes/OMAGroup_1408333.fa
DICDI12084,./families/Information_benchmark/marker_genes/marker_genes/OMAGroup_1067331.fa
ACACA11885,./families/Information_benchmark/marker_genes/marker_genes/OMAGroup_1400686.fa
ACACA01061,./families/Information_benchmark/marker_genes/marker_genes/OMAGroup_1392016.fa
ACACA02668,./families/Information_benchmark/marker_genes/marker_genes/OMAGroup_1353941.fa
ACACA11745,./families/Information_benchmark/marker_genes/marker_genes/OMAGroup_1392783.fa
ACACA10848,./families/Information_benchmark/marker_genes/marker_genes/OMAGroup_1417827.fa
ACACA07365,./families/Information_benchmark/marker_genes/marker_genes/OMAGroup_860686.fa
DICDI10144,./families/Information_benchmark/marker_genes/marker_genes/OMAGroup_1372896.fa
ACACA00099,./families/Information_benchmark/marker_genes/marker_genes/OMAGroup_809876.fa
ACACA11390,./families/Information_benchmark/marker_genes/marker_genes/OMAGroup_809605.fa
ACACA14388,./families/Information_benchmark/marker_genes/marker_genes/OMAGroup_1421652.fa
ACACA06166,./families/Information_benchmark/marker_genes/marker_genes/OMAGroup_1067340.fa
ACACA08661,./families/Information_benchmark/marker_genes/marker_genes/OMAGroup_1067318.fa
ACACA08525,./families/Information_benchmark/marker_genes/marker_genes/OMAGroup_1067440.fa
DICDI01561,./families/Information_benchmark/marker_genes/marker_genes/OMAGroup_1067467.fa
ACACA04447,./families/Information_benchmark/marker_genes/marker_genes/OMAGroup_1067430.fa
DICDI11527,./families/Information_benchmark/marker_genes/marker_genes/OMAGroup_1428432.fa
ACACA06450,./families/Information_benchmark/marker_genes/marker_genes/OMAGroup_809602.fa
ACACA03014,./families/Information_benchmark/marker_genes/marker_genes/OMAGroup_1424340.fa
DICDI12192,./families/Information_benchmark/marker_genes/marker_genes/OMAGroup_1426499.fa
ACACA03312,./families/Information_benchmark/marker_genes/marker_genes/OMAGroup_1322009.fa
ACACA03756,./families/Information_benchmark/marker_genes/marker_genes/OMAGroup_1426996.fa
ACACA11083,./families/Information_benchmark/marker_genes/marker_genes/OMAGroup_1357091.fa
ACACA02916,./families/Information_benchmark/marker_genes/marker_genes/OMAGroup_849655.fa
ACACA14523,./families/Information_benchmark/marker_genes/marker_genes/OMAGroup_1067505.fa
ACACA02512,./families/Information_benchmark/marker_genes/marker_genes/OMAGroup_1421486.fa
ACACA12596,./families/Information_benchmark/marker_genes/marker_genes/OMAGroup_1067484.fa
ACACA11740,./families/Information_benchmark/marker_genes/marker_genes/OMAGroup_1067300.fa
ACACA12094,./families/Information_benchmark/marker_genes/marker_genes/OMAGroup_1067483.fa
ACACA03238,./families/Information_benchmark/marker_genes/marker_genes/OMAGroup_1304109.fa
ACACA01113,./families/Information_benchmark/marker_genes/marker_genes/OMAGroup_1003995.fa
ACACA07808,./families/Information_benchmark/marker_genes/marker_genes/OMAGroup_881281.fa
ACACA12118,./families/Information_benchmark/marker_genes/marker_genes/OMAGroup_926217.fa
DICDI02802,./families/Information_benchmark/marker_genes/marker_genes/OMAGroup_1386611.fa
ACACA10649,./families/Information_benchmark/marker_genes/marker_genes/OMAGroup_1067393.fa
ACACA00204,./families/Information_benchmark/marker_genes/marker_genes/OMAGroup_946355.fa
ACACA05507,./families/Information_benchmark/marker_genes/marker_genes/OMAGroup_1401951.fa
ACACA09816,./families/Information_benchmark/marker_genes/marker_genes/OMAGroup_850305.fa
ACACA03665,./families/Information_benchmark/marker_genes/marker_genes/OMAGroup_1380962.fa
ACACA06001,./families/Information_benchmark/marker_genes/marker_genes/OMAGroup_754554.fa
ACACA05719,./families/Information_benchmark/marker_genes/marker_genes/OMAGroup_1066376.fa
ACACA06944,./families/Information_benchmark/marker_genes/marker_genes/OMAGroup_1067548.fa
ACACA00702,./families/Information_benchmark/marker_genes/marker_genes/OMAGroup_946354.fa
ACACA11417,./families/Information_benchmark/marker_genes/marker_genes/OMAGroup_807783.fa
DICDI11194,./families/Information_benchmark/marker_genes/marker_genes/OMAGroup_1033570.fa
ACACA06330,./families/Information_benchmark/marker_genes/marker_genes/OMAGroup_1418207.fa
ACACA06695,./families/Information_benchmark/marker_genes/marker_genes/OMAGroup_1067328.fa
ACACA02503,./families/Information_benchmark/marker_genes/marker_genes/OMAGroup_1392012.fa
DICDI11887,./families/Information_benchmark/marker_genes/marker_genes/OMAGroup_1425980.fa
ACACA13575,./families/Information_benchmark/marker_genes/marker_genes/OMAGroup_1428356.fa
ACACA02513,./families/Information_benchmark/marker_genes/marker_genes/OMAGroup_1422747.fa
ACACA14083,./families/Information_benchmark/marker_genes/marker_genes/OMAGroup_1364080.fa
DICDI12811,./families/Information_benchmark/marker_genes/marker_genes/OMAGroup_1428594.fa
ACACA04584,./families/Information_benchmark/marker_genes/marker_genes/OMAGroup_814482.fa
ACACA01542,./families/Information_benchmark/marker_genes/marker_genes/OMAGroup_1408460.fa
ACACA09589,./families/Information_benchmark/marker_genes/marker_genes/OMAGroup_1399379.fa
DICDI03861,./families/Information_benchmark/marker_genes/marker_genes/OMAGroup_1396916.fa
ACACA07799,./families/Information_benchmark/marker_genes/marker_genes/OMAGroup_1067306.fa
ACACA14913,./families/Information_benchmark/marker_genes/marker_genes/OMAGroup_1385037.fa
ACACA07304,./families/Information_benchmark/marker_genes/marker_genes/OMAGroup_1067291.fa
ACACA08099,./families/Information_benchmark/marker_genes/marker_genes/OMAGroup_1425268.fa
ACACA07494,./families/Information_benchmark/marker_genes/marker_genes/OMAGroup_1067660.fa
ACACA11033,./families/Information_benchmark/marker_genes/marker_genes/OMAGroup_1407217.fa
ACACA09315,./families/Information_benchmark/marker_genes/marker_genes/OMAGroup_1368291.fa
DICDI10882,./families/Information_benchmark/marker_genes/marker_genes/OMAGroup_1424679.fa
ACACA02303,./families/Information_benchmark/marker_genes/marker_genes/OMAGroup_1382235.fa
ACACA10657,./families/Information_benchmark/marker_genes/marker_genes/OMAGroup_1348743.fa
ACACA08095,./families/Information_benchmark/marker_genes/marker_genes/OMAGroup_1407616.fa
ACACA10573,./families/Information_benchmark/marker_genes/marker_genes/OMAGroup_1385575.fa
ACACA06974,./families/Information_benchmark/marker_genes/marker_genes/OMAGroup_1377360.fa
DICDI08272,./families/Information_benchmark/marker_genes/marker_genes/OMAGroup_994374.fa
ACACA01554,./families/Information_benchmark/marker_genes/marker_genes/OMAGroup_1424134.fa
ACACA12936,./families/Information_benchmark/marker_genes/marker_genes/OMAGroup_1414768.fa
ACACA08296,./families/Information_benchmark/marker_genes/marker_genes/OMAGroup_1424192.fa
ACACA08552,./families/Information_benchmark/marker_genes/marker_genes/OMAGroup_1312486.fa
ACACA06187,./families/Information_benchmark/marker_genes/marker_genes/OMAGroup_1426916.fa
ACACA06496,./families/Information_benchmark/marker_genes/marker_genes/OMAGroup_1427559.fa
ACACA09433,./families/Information_benchmark/marker_genes/marker_genes/OMAGroup_848449.fa
ACACA10748,./families/Information_benchmark/marker_genes/marker_genes/OMAGroup_1411348.fa
DICDI09465,./families/Information_benchmark/marker_genes/marker_genes/OMAGroup_1410230.fa
DICDI12379,./families/Information_benchmark/marker_genes/marker_genes/OMAGroup_1067324.fa
DICDI08461,./families/Information_benchmark/marker_genes/marker_genes/OMAGroup_1416499.fa
ACACA09479,./families/Information_benchmark/marker_genes/marker_genes/OMAGroup_1414028.fa
ACACA00530,./families/Information_benchmark/marker_genes/marker_genes/OMAGroup_1421179.fa
DICDI11798,./families/Information_benchmark/marker_genes/marker_genes/OMAGroup_771295.fa
ACACA09341,./families/Information_benchmark/marker_genes/marker_genes/OMAGroup_1067378.fa
DICDI07874,./families/Information_benchmark/marker_genes/marker_genes/OMAGroup_1401618.fa
DICDI02233,./families/Information_benchmark/marker_genes/marker_genes/OMAGroup_1372542.fa
ACACA03274,./families/Information_benchmark/marker_genes/marker_genes/OMAGroup_1067568.fa
ACACA00531,./families/Information_benchmark/marker_genes/marker_genes/OMAGroup_948914.fa
ACACA03737,./families/Information_benchmark/marker_genes/marker_genes/OMAGroup_1347800.fa
PLAF703263,./families/Information_benchmark/marker_genes/marker_genes/OMAGroup_1067528.fa
ACACA00243,./families/Information_benchmark/marker_genes/marker_genes/OMAGroup_1067223.fa
ACACA00004,./families/Information_benchmark/marker_genes/marker_genes/OMAGroup_766001.fa
DICDI08633,./families/Information_benchmark/marker_genes/marker_genes/OMAGroup_1417310.fa
ACACA04542,./families/Information_benchmark/marker_genes/marker_genes/OMAGroup_1417233.fa
DICDI07723,./families/Information_benchmark/marker_genes/marker_genes/OMAGroup_1423257.fa
ACACA09600,./families/Information_benchmark/marker_genes/marker_genes/OMAGroup_1344252.fa
ACACA11763,./families/Information_benchmark/marker_genes/marker_genes/OMAGroup_882257.fa
ACACA03143,./families/Information_benchmark/marker_genes/marker_genes/OMAGroup_1378232.fa
ACACA12687,./families/Information_benchmark/marker_genes/marker_genes/OMAGroup_1418490.fa
ACACA06004,./families/Information_benchmark/marker_genes/marker_genes/OMAGroup_1067292.fa
ACACA06016,./families/Information_benchmark/marker_genes/marker_genes/OMAGroup_1428485.fa
ACACA06416,./families/Information_benchmark/marker_genes/marker_genes/OMAGroup_1335742.fa
ACACA04821,./families/Information_benchmark/marker_genes/marker_genes/OMAGroup_1007909.fa
ACACA12911,./families/Information_benchmark/marker_genes/marker_genes/OMAGroup_1359411.fa
ACACA08159,./families/Information_benchmark/marker_genes/marker_genes/OMAGroup_1067590.fa
DICDI00251,./families/Information_benchmark/marker_genes/marker_genes/OMAGroup_1032056.fa
ACACA03313,./families/Information_benchmark/marker_genes/marker_genes/OMAGroup_1417309.fa
ACACA06568,./families/Information_benchmark/marker_genes/marker_genes/OMAGroup_1355879.fa
NAEGR00559,./families/Information_benchmark/marker_genes/marker_genes/OMAGroup_806905.fa
ACACA11750,./families/Information_benchmark/marker_genes/marker_genes/OMAGroup_981782.fa
ACACA01328,./families/Information_benchmark/marker_genes/marker_genes/OMAGroup_1067311.fa
DICDI04650,./families/Information_benchmark/marker_genes/marker_genes/OMAGroup_948916.fa
ACACA12919,./families/Information_benchmark/marker_genes/marker_genes/OMAGroup_1422110.fa
ACACA05223,./families/Information_benchmark/marker_genes/marker_genes/OMAGroup_1369555.fa
ACACA14459,./families/Information_benchmark/marker_genes/marker_genes/OMAGroup_1386342.fa
DICDI08700,./families/Information_benchmark/marker_genes/marker_genes/OMAGroup_1404525.fa
DICDI08190,./families/Information_benchmark/marker_genes/marker_genes/OMAGroup_880795.fa
ACACA05315,./families/Information_benchmark/marker_genes/marker_genes/OMAGroup_1392015.fa
ACACA10735,./families/Information_benchmark/marker_genes/marker_genes/OMAGroup_1067343.fa
ACACA07500,./families/Information_benchmark/marker_genes/marker_genes/OMAGroup_1353298.fa
NAEGR14736,./families/Information_benchmark/marker_genes/marker_genes/OMAGroup_1420134.fa
ACACA13801,./families/Information_benchmark/marker_genes/marker_genes/OMAGroup_1371487.fa
ACACA06878,./families/Information_benchmark/marker_genes/marker_genes/OMAGroup_1349661.fa
ACACA02666,./families/Information_benchmark/marker_genes/marker_genes/OMAGroup_1067352.fa
ACACA05465,./families/Information_benchmark/marker_genes/marker_genes/OMAGroup_1362709.fa
DICDI02173,./families/Information_benchmark/marker_genes/marker_genes/OMAGroup_771526.fa
DICDI03976,./families/Information_benchmark/marker_genes/marker_genes/OMAGroup_1067342.fa
ACACA00110,./families/Information_benchmark/marker_genes/marker_genes/OMAGroup_1067473.fa
ACACA05676,./families/Information_benchmark/marker_genes/marker_genes/OMAGroup_1357090.fa
ACACA01916,./families/Information_benchmark/marker_genes/marker_genes/OMAGroup_1314599.fa
ACACA12807,./families/Information_benchmark/marker_genes/marker_genes/OMAGroup_1422111.fa
ACACA02527,./families/Information_benchmark/marker_genes/marker_genes/OMAGroup_1049443.fa
ACACA14900,./families/Information_benchmark/marker_genes/marker_genes/OMAGroup_1319484.fa
ACACA00930,./families/Information_benchmark/marker_genes/marker_genes/OMAGroup_1302936.fa
ACACA11131,./families/Information_benchmark/marker_genes/marker_genes/OMAGroup_767894.fa
ACACA10916,./families/Information_benchmark/marker_genes/marker_genes/OMAGroup_1425765.fa
ACACA06771,./families/Information_benchmark/marker_genes/marker_genes/OMAGroup_1368292.fa
ACACA14690,./families/Information_benchmark/marker_genes/marker_genes/OMAGroup_1067443.fa
DICDI08167,./families/Information_benchmark/marker_genes/marker_genes/OMAGroup_1419873.fa
DICDI03476,./families/Information_benchmark/marker_genes/marker_genes/OMAGroup_926837.fa
ACACA08786,./families/Information_benchmark/marker_genes/marker_genes/OMAGroup_797780.fa
ACACA02486,./families/Information_benchmark/marker_genes/marker_genes/OMAGroup_1411961.fa
ACACA01815,./families/Information_benchmark/marker_genes/marker_genes/OMAGroup_866568.fa
ACACA04724,./families/Information_benchmark/marker_genes/marker_genes/OMAGroup_1393445.fa
ACACA01622,./families/Information_benchmark/marker_genes/marker_genes/OMAGroup_1389411.fa
DICDI06589,./families/Information_benchmark/marker_genes/marker_genes/OMAGroup_1067427.fa
ACACA14914,./families/Information_benchmark/marker_genes/marker_genes/OMAGroup_885416.fa
ACACA07698,./families/Information_benchmark/marker_genes/marker_genes/OMAGroup_1392011.fa
ACACA10108,./families/Information_benchmark/marker_genes/marker_genes/OMAGroup_1067286.fa
ACACA13683,./families/Information_benchmark/marker_genes/marker_genes/OMAGroup_1314601.fa
ACACA05035,./families/Information_benchmark/marker_genes/marker_genes/OMAGroup_1356514.fa
ACACA02659,./families/Information_benchmark/marker_genes/marker_genes/OMAGroup_1427061.fa
ACACA09494,./families/Information_benchmark/marker_genes/marker_genes/OMAGroup_1417902.fa
DICDI10026,./families/Information_benchmark/marker_genes/marker_genes/OMAGroup_882255.fa
ACACA06917,./families/Information_benchmark/marker_genes/marker_genes/OMAGroup_964788.fa
DICDI06911,./families/Information_benchmark/marker_genes/marker_genes/OMAGroup_1067361.fa
ACACA08007,./families/Information_benchmark/marker_genes/marker_genes/OMAGroup_1416910.fa
ACACA08964,./families/Information_benchmark/marker_genes/marker_genes/OMAGroup_1016099.fa
ACACA04415,./families/Information_benchmark/marker_genes/marker_genes/OMAGroup_1424970.fa
DICDI04886,./families/Information_benchmark/marker_genes/marker_genes/OMAGroup_1067469.fa
ACACA07260,./families/Information_benchmark/marker_genes/marker_genes/OMAGroup_1044643.fa
DICDI00105,./families/Information_benchmark/marker_genes/marker_genes/OMAGroup_1003993.fa
DICDI00948,./families/Information_benchmark/marker_genes/marker_genes/OMAGroup_1067279.fa
ACACA01795,./families/Information_benchmark/marker_genes/marker_genes/OMAGroup_1311493.fa
DICDI11239,./families/Information_benchmark/marker_genes/marker_genes/OMAGroup_1344491.fa
DICDI04141,./families/Information_benchmark/marker_genes/marker_genes/OMAGroup_1067333.fa
ACACA06863,./families/Information_benchmark/marker_genes/marker_genes/OMAGroup_1321861.fa
ACACA11150,./families/Information_benchmark/marker_genes/marker_genes/OMAGroup_1067531.fa
DICDI11475,./families/Information_benchmark/marker_genes/marker_genes/OMAGroup_1067594.fa
ACACA08458,./families/Information_benchmark/marker_genes/marker_genes/OMAGroup_1377482.fa
ACACA06945,./families/Information_benchmark/marker_genes/marker_genes/OMAGroup_1387326.fa
ACACA13694,./families/Information_benchmark/marker_genes/marker_genes/OMAGroup_1067525.fa
ACACA06539,./families/Information_benchmark/marker_genes/marker_genes/OMAGroup_1403152.fa
ACACA00819,./families/Information_benchmark/marker_genes/marker_genes/OMAGroup_1372178.fa
NAEGR00080,./families/Information_benchmark/marker_genes/marker_genes/OMAGroup_1361066.fa
ACACA00097,./families/Information_benchmark/marker_genes/marker_genes/OMAGroup_1377262.fa
ACACA00445,./families/Information_benchmark/marker_genes/marker_genes/OMAGroup_1049256.fa
ACACA02722,./families/Information_benchmark/marker_genes/marker_genes/OMAGroup_1395817.fa
ACACA02782,./families/Information_benchmark/marker_genes/marker_genes/OMAGroup_1428408.fa
ACACA04459,./families/Information_benchmark/marker_genes/marker_genes/OMAGroup_1067302.fa
DICDI08427,./families/Information_benchmark/marker_genes/marker_genes/OMAGroup_1373136.fa
ACACA02858,./families/Information_benchmark/marker_genes/marker_genes/OMAGroup_866569.fa
ACACA03018,./families/Information_benchmark/marker_genes/marker_genes/OMAGroup_1423256.fa
ACACA10280,./families/Information_benchmark/marker_genes/marker_genes/OMAGroup_1067294.fa
DICDI08655,./families/Information_benchmark/marker_genes/marker_genes/OMAGroup_1058114.fa
ACACA01104,./families/Information_benchmark/marker_genes/marker_genes/OMAGroup_1350625.fa
ACACA10821,./families/Information_benchmark/marker_genes/marker_genes/OMAGroup_1067224.fa
DICDI09755,./families/Information_benchmark/marker_genes/marker_genes/OMAGroup_1058813.fa
ACACA03266,./families/Information_benchmark/marker_genes/marker_genes/OMAGroup_1029405.fa
ACACA06698,./families/Information_benchmark/marker_genes/marker_genes/OMAGroup_814590.fa
ACACA02545,./families/Information_benchmark/marker_genes/marker_genes/OMAGroup_1395310.fa
ACACA04995,./families/Information_benchmark/marker_genes/marker_genes/OMAGroup_1428602.fa
ACACA02188,./families/Information_benchmark/marker_genes/marker_genes/OMAGroup_1330782.fa
DICDI05227,./families/Information_benchmark/marker_genes/marker_genes/OMAGroup_1067478.fa
ACACA04353,./families/Information_benchmark/marker_genes/marker_genes/OMAGroup_1067319.fa
ACACA08589,./families/Information_benchmark/marker_genes/marker_genes/OMAGroup_1424408.fa
ACACA07779,./families/Information_benchmark/marker_genes/marker_genes/OMAGroup_1346182.fa
DICDI06261,./families/Information_benchmark/marker_genes/marker_genes/OMAGroup_1033118.fa
ACACA10643,./families/Information_benchmark/marker_genes/marker_genes/OMAGroup_1416859.fa
ACACA11953,./families/Information_benchmark/marker_genes/marker_genes/OMAGroup_1426498.fa
ACACA09472,./families/Information_benchmark/marker_genes/marker_genes/OMAGroup_1424224.fa
DICDI07601,./families/Information_benchmark/marker_genes/marker_genes/OMAGroup_1426696.fa
NAEGR15564,./families/Information_benchmark/marker_genes/marker_genes/OMAGroup_1384967.fa
ACACA01827,./families/Information_benchmark/marker_genes/marker_genes/OMAGroup_861136.fa
ACACA00302,./families/Information_benchmark/marker_genes/marker_genes/OMAGroup_1415986.fa
ACACA00727,./families/Information_benchmark/marker_genes/marker_genes/OMAGroup_1350968.fa
ACACA09728,./families/Information_benchmark/marker_genes/marker_genes/OMAGroup_1428601.fa
ACACA11132,./families/Information_benchmark/marker_genes/marker_genes/OMAGroup_770707.fa
DICDI08657,./families/Information_benchmark/marker_genes/marker_genes/OMAGroup_1368132.fa
DICDI06467,./families/Information_benchmark/marker_genes/marker_genes/OMAGroup_1368953.fa
ACACA03595,./families/Information_benchmark/marker_genes/marker_genes/OMAGroup_966408.fa
ACACA05778,./families/Information_benchmark/marker_genes/marker_genes/OMAGroup_1366074.fa
ACACA09169,./families/Information_benchmark/marker_genes/marker_genes/OMAGroup_1067366.fa
ACACA04117,./families/Information_benchmark/marker_genes/marker_genes/OMAGroup_1386391.fa
ACACA11641,./families/Information_benchmark/marker_genes/marker_genes/OMAGroup_1378543.fa
ACACA05185,./families/Information_benchmark/marker_genes/marker_genes/OMAGroup_1412698.fa
DICDI06806,./families/Information_benchmark/marker_genes/marker_genes/OMAGroup_1339487.fa
ACACA12913,./families/Information_benchmark/marker_genes/marker_genes/OMAGroup_1413803.fa
DICDI07552,./families/Information_benchmark/marker_genes/marker_genes/OMAGroup_814506.fa
ACACA12818,./families/Information_benchmark/marker_genes/marker_genes/OMAGroup_1422688.fa
DICDI04372,./families/Information_benchmark/marker_genes/marker_genes/OMAGroup_1067317.fa
ACACA05667,./families/Information_benchmark/marker_genes/marker_genes/OMAGroup_1301229.fa
ACACA03144,./families/Information_benchmark/marker_genes/marker_genes/OMAGroup_1427916.fa
ACACA10998,./families/Information_benchmark/marker_genes/marker_genes/OMAGroup_1301228.fa
ACACA03605,./families/Information_benchmark/marker_genes/marker_genes/OMAGroup_1409631.fa
ACACA12947,./families/Information_benchmark/marker_genes/marker_genes/OMAGroup_1321204.fa
ACACA12960,./families/Information_benchmark/marker_genes/marker_genes/OMAGroup_843002.fa
DICDI07992,./families/Information_benchmark/marker_genes/marker_genes/OMAGroup_1067240.fa
ACACA10025,./families/Information_benchmark/marker_genes/marker_genes/OMAGroup_1067322.fa
ACACA11527,./families/Information_benchmark/marker_genes/marker_genes/OMAGroup_1067477.fa
ACACA03674,./families/Information_benchmark/marker_genes/marker_genes/OMAGroup_1357092.fa
NAEGR00288,./families/Information_benchmark/marker_genes/marker_genes/OMAGroup_1382370.fa
ACACA06726,./families/Information_benchmark/marker_genes/marker_genes/OMAGroup_1347895.fa
DICDI06693,./families/Information_benchmark/marker_genes/marker_genes/OMAGroup_1386800.fa
ACACA14719,./families/Information_benchmark/marker_genes/marker_genes/OMAGroup_1067309.fa
ACACA12937,./families/Information_benchmark/marker_genes/marker_genes/OMAGroup_1339621.fa
DICDI04139,./families/Information_benchmark/marker_genes/marker_genes/OMAGroup_1400697.fa
ACACA08310,./families/Information_benchmark/marker_genes/marker_genes/OMAGroup_1427447.fa
ACACA07774,./families/Information_benchmark/marker_genes/marker_genes/OMAGroup_1067656.fa
DICDI08786,./families/Information_benchmark/marker_genes/marker_genes/OMAGroup_1401205.fa
ACACA06857,./families/Information_benchmark/marker_genes/marker_genes/OMAGroup_1400082.fa
ACACA10719,./families/Information_benchmark/marker_genes/marker_genes/OMAGroup_1067325.fa
ACACA07171,./families/Information_benchmark/marker_genes/marker_genes/OMAGroup_1419704.fa
DICDI11375,./families/Information_benchmark/marker_genes/marker_genes/OMAGroup_1363076.fa
DICDI04164,./families/Information_benchmark/marker_genes/marker_genes/OMAGroup_1415741.fa
ACACA02767,./families/Information_benchmark/marker_genes/marker_genes/OMAGroup_1410168.fa
ACACA01590,./families/Information_benchmark/marker_genes/marker_genes/OMAGroup_771528.fa
DICDI03342,./families/Information_benchmark/marker_genes/marker_genes/OMAGroup_834188.fa
ACACA00532,./families/Information_benchmark/marker_genes/marker_genes/OMAGroup_843003.fa
ACACA14115,./families/Information_benchmark/marker_genes/marker_genes/OMAGroup_1387081.fa
ACACA05042,./families/Information_benchmark/marker_genes/marker_genes/OMAGroup_1067468.fa
DICDI08173,./families/Information_benchmark/marker_genes/marker_genes/OMAGroup_1379420.fa
ACACA00395,./families/Information_benchmark/marker_genes/marker_genes/OMAGroup_948912.fa
ACACA06669,./families/Information_benchmark/marker_genes/marker_genes/OMAGroup_1428115.fa
ACACA07428,./families/Information_benchmark/marker_genes/marker_genes/OMAGroup_896951.fa
ACACA00472,./families/Information_benchmark/marker_genes/marker_genes/OMAGroup_767485.fa
ACACA11160,./families/Information_benchmark/marker_genes/marker_genes/OMAGroup_1404358.fa
ACACA01867,./families/Information_benchmark/marker_genes/marker_genes/OMAGroup_1420832.fa
DICDI06723,./families/Information_benchmark/marker_genes/marker_genes/OMAGroup_796271.fa
ACACA01311,./families/Information_benchmark/marker_genes/marker_genes/OMAGroup_885296.fa
DICDI09390,./families/Information_benchmark/marker_genes/marker_genes/OMAGroup_1066375.fa
DICDI01600,./families/Information_benchmark/marker_genes/marker_genes/OMAGroup_1067226.fa
ACACA00473,./families/Information_benchmark/marker_genes/marker_genes/OMAGroup_1423772.fa
ACACA08775,./families/Information_benchmark/marker_genes/marker_genes/OMAGroup_1424223.fa
ACACA11227,./families/Information_benchmark/marker_genes/marker_genes/OMAGroup_1045141.fa
ACACA06967,./families/Information_benchmark/marker_genes/marker_genes/OMAGroup_1359625.fa
ACACA12647,./families/Information_benchmark/marker_genes/marker_genes/OMAGroup_1067485.fa
ACACA09040,./families/Information_benchmark/marker_genes/marker_genes/OMAGroup_880794.fa
NAEGR00790,./families/Information_benchmark/marker_genes/marker_genes/OMAGroup_1401368.fa
DICDI11427,./families/Information_benchmark/marker_genes/marker_genes/OMAGroup_1416332.fa
ACACA12992,./families/Information_benchmark/marker_genes/marker_genes/OMAGroup_1323557.fa
ACACA00479,./families/Information_benchmark/marker_genes/marker_genes/OMAGroup_1067301.fa
ACACA07005,./families/Information_benchmark/marker_genes/marker_genes/OMAGroup_1067315.fa
ACACA00879,./families/Information_benchmark/marker_genes/marker_genes/OMAGroup_1404402.fa
ACACA11140,./families/Information_benchmark/marker_genes/marker_genes/OMAGroup_1403516.fa
ACACA07119,./families/Information_benchmark/marker_genes/marker_genes/OMAGroup_1428549.fa
NAEGR05021,./families/Information_benchmark/marker_genes/marker_genes/OMAGroup_1425034.fa
DICDI03638,./families/Information_benchmark/marker_genes/marker_genes/OMAGroup_1423806.fa
DICDI08231,./families/Information_benchmark/marker_genes/marker_genes/OMAGroup_1426798.fa
ACACA07575,./families/Information_benchmark/marker_genes/marker_genes/OMAGroup_1404134.fa
DICDI12422,./families/Information_benchmark/marker_genes/marker_genes/OMAGroup_1428386.fa
ACACA07578,./families/Information_benchmark/marker_genes/marker_genes/OMAGroup_1067375.fa
ACACA00361,./families/Information_benchmark/marker_genes/marker_genes/OMAGroup_1428534.fa
DICDI03983,./families/Information_benchmark/marker_genes/marker_genes/OMAGroup_1405641.fa
ACACA01297,./families/Information_benchmark/marker_genes/marker_genes/OMAGroup_1426251.fa
ACACA08318,./families/Information_benchmark/marker_genes/marker_genes/OMAGroup_1424587.fa
ACACA00533,./families/Information_benchmark/marker_genes/marker_genes/OMAGroup_1396669.fa
ACACA07495,./families/Information_benchmark/marker_genes/marker_genes/OMAGroup_1324065.fa
ACACA00814,./families/Information_benchmark/marker_genes/marker_genes/OMAGroup_1392014.fa
ACACA06492,./families/Information_benchmark/marker_genes/marker_genes/OMAGroup_1378448.fa
ACACA12103,./families/Information_benchmark/marker_genes/marker_genes/OMAGroup_1027516.fa
ACACA06069,./families/Information_benchmark/marker_genes/marker_genes/OMAGroup_885122.fa
ACACA01044,./families/Information_benchmark/marker_genes/marker_genes/OMAGroup_1395308.fa
ACACA05678,./families/Information_benchmark/marker_genes/marker_genes/OMAGroup_1067299.fa
ACACA09340,./families/Information_benchmark/marker_genes/marker_genes/OMAGroup_1422782.fa
DICDI05466,./families/Information_benchmark/marker_genes/marker_genes/OMAGroup_1391921.fa
NAEGR04799,./families/Information_benchmark/marker_genes/marker_genes/OMAGroup_756779.fa
DICDI02971,./families/Information_benchmark/marker_genes/marker_genes/OMAGroup_1392961.fa
ACACA00189,./families/Information_benchmark/marker_genes/marker_genes/OMAGroup_1423805.fa
ACACA00670,./families/Information_benchmark/marker_genes/marker_genes/OMAGroup_885420.fa
DICDI04349,./families/Information_benchmark/marker_genes/marker_genes/OMAGroup_1067364.fa
ACACA13040,./families/Information_benchmark/marker_genes/marker_genes/OMAGroup_768489.fa
ACACA00654,./families/Information_benchmark/marker_genes/marker_genes/OMAGroup_1067288.fa
ACACA12800,./families/Information_benchmark/marker_genes/marker_genes/OMAGroup_1067608.fa
DICDI05702,./families/Information_benchmark/marker_genes/marker_genes/OMAGroup_1067508.fa
ACACA07893,./families/Information_benchmark/marker_genes/marker_genes/OMAGroup_1416764.fa
ACACA02122,./families/Information_benchmark/marker_genes/marker_genes/OMAGroup_1306941.fa
ACACA02123,./families/Information_benchmark/marker_genes/marker_genes/OMAGroup_1414329.fa
ACACA09474,./families/Information_benchmark/marker_genes/marker_genes/OMAGroup_1067297.fa
ACACA04319,./families/Information_benchmark/marker_genes/marker_genes/OMAGroup_1421583.fa
ACACA11007,./families/Information_benchmark/marker_genes/marker_genes/OMAGroup_1067400.fa
ACACA08334,./families/Information_benchmark/marker_genes/marker_genes/OMAGroup_903509.fa
ACACA10067,./families/Information_benchmark/marker_genes/marker_genes/OMAGroup_1351982.fa
ACACA01781,./families/Information_benchmark/marker_genes/marker_genes/OMAGroup_1067308.fa
DICDI01572,./families/Information_benchmark/marker_genes/marker_genes/OMAGroup_1426395.fa
ACACA02838,./families/Information_benchmark/marker_genes/marker_genes/OMAGroup_1393276.fa
ACACA10710,./families/Information_benchmark/marker_genes/marker_genes/OMAGroup_1385904.fa
ACACA10842,./families/Information_benchmark/marker_genes/marker_genes/OMAGroup_1067415.fa
ACACA07003,./families/Information_benchmark/marker_genes/marker_genes/OMAGroup_1067380.fa
DICDI11297,./families/Information_benchmark/marker_genes/marker_genes/OMAGroup_948915.fa
ACACA02215,./families/Information_benchmark/marker_genes/marker_genes/OMAGroup_1416912.fa
ACACA01585,./families/Information_benchmark/marker_genes/marker_genes/OMAGroup_1419082.fa
ACACA00859,./families/Information_benchmark/marker_genes/marker_genes/OMAGroup_1361377.fa
ACACA04559,./families/Information_benchmark/marker_genes/marker_genes/OMAGroup_1067403.fa
ACACA08103,./families/Information_benchmark/marker_genes/marker_genes/OMAGroup_1067222.fa
ACACA03319,./families/Information_benchmark/marker_genes/marker_genes/OMAGroup_1402098.fa
ACACA02190,./families/Information_benchmark/marker_genes/marker_genes/OMAGroup_1420269.fa
ACACA02343,./families/Information_benchmark/marker_genes/marker_genes/OMAGroup_1067396.fa
ACACA11723,./families/Information_benchmark/marker_genes/marker_genes/OMAGroup_1386007.fa
DICDI01211,./families/Information_benchmark/marker_genes/marker_genes/OMAGroup_1428576.fa
ACACA00578,./families/Information_benchmark/marker_genes/marker_genes/OMAGroup_1423804.fa
ACACA01553,./families/Information_benchmark/marker_genes/marker_genes/OMAGroup_817601.fa
DICDI04543,./families/Information_benchmark/marker_genes/marker_genes/OMAGroup_1067377.fa
DICDI02257,./families/Information_benchmark/marker_genes/marker_genes/OMAGroup_1406583.fa
